product_name,product_description,predicted_parent,predicted_sub,actual_parent,actual_sub,status
Nike Brasilia Medium Backpack NKDH7709,"This versatile backpack is ideal for packing everything you need to get you through a busy training day or when you're away from your locker, gym or home.
100% recycled polyester dobby
Back panel and shoulder straps are padded for comfortable carrying
Multiple pockets provide organized small-item storage
Zippered main compartment offers spacious and secure storage
Plush-lined, zippered pocket for headphones or electronics
Padded sleeve safely stores a laptop
A water-resistant coating on bottom panel helps keep gear dry
Contrast Swoosh design trademark
Laptop sleeve fits most 15"" laptops
Dimensions: 18""h x 12""w x 7""d; Approx. 1,465 cubic inches
Note: Bags not intended for use by children 12 and under.",Bags,Backpacks,Bags,Backpacks,Correct
Port Authority Youth Long Sleeve Silk Touch Polo. Y500LS,Port Authority Youth Long Sleeve Silk Touch Polo. Y500LS,Apparel,Polos,Apparel,Polos,Correct
